{
    "maxRed": 300.0,
    "maxGreen": 300.0,
    "maxBlue": 300.0,
    "gammaRed": [
0.000627186,0.000519742,0.000435519,0.000373328,0.000331976,0.000310273,0.00030977,0.000332436,0.000377709,0.000445028,0.000533831,0.000643772,0.000775074,0.000928028,0.001102923,0.001300049,0.001519696,0.001762154,0.002027713,0.002316662,0.002629293,0.0029637,0.00331795,0.003692283,0.004086942,0.004502169,0.004938206,0.005395294,0.005873677,0.006373595,0.006895291,0.007439007,0.008004984,0.008593465,0.009204692,0.009838907,0.010496351,0.011177267,0.011881896,0.012610482,0.013363265,0.014140487,0.014942391,0.015769219,0.016621212,0.017498613,0.018401663,0.019330605,0.020285681,0.021267132,0.0222752,0.023305602,0.02435432,0.025421993,0.026509263,0.02761677,0.028745155,0.029895058,0.031067119,0.03226198,0.03348028,0.034722661,0.035989762,0.037282225,0.03860069,0.039945796,0.041318186,0.042718499,0.044147377,0.045605458,0.047093385,0.048611797,0.050161335,0.05174264,0.053356352,0.055003112,0.056674626,0.058362578,0.060067575,0.061790222,0.063531125,0.06529089,0.067070124,0.068869431,0.070689419,0.072530693,0.074393858,0.076279522,0.078188289,0.080120766,0.082077559,0.084059274,0.086066517,0.088099893,0.090160009,0.092247471,0.094362884,0.096506855,0.09867999,0.100882893,0.103116173,0.105380433,0.107676282,0.110004323,0.112365164,0.11475941,0.117187667,0.119650541,0.122148639,0.124682566,0.127252927,0.12986033,0.13250538,0.135188683,0.137910845,0.140672471,0.143474169,0.146316543,0.1492002,0.152125746,0.155093786,0.158104927,0.161159775,0.164258935,0.167403014,0.170592618,0.17381902,0.17707337,0.180356086,0.183667587,0.187008289,0.190378613,0.193778975,0.197209793,0.200671487,0.204164474,0.207689172,0.211246,0.214835375,0.218457716,0.22211344,0.225802967,0.229526714,0.233285099,0.23707854,0.240907456,0.244772265,0.248673385,0.252611233,0.256586229,0.260598791,0.264649335,0.268738282,0.272866048,0.277033052,0.281239712,0.285486446,0.289773673,0.29410181,0.298471276,0.302882489,0.307335866,0.311831827,0.316370789,0.320953171,0.32557939,0.330249864,0.334965013,0.339725253,0.344531004,0.349382683,0.354280708,0.359225498,0.364217471,0.369257045,0.374344637,0.379479065,0.384658587,0.389882788,0.395151255,0.400463572,0.405819324,0.411218097,0.416659474,0.422143043,0.427668387,0.433235092,0.438842743,0.444490926,0.450179224,0.455907224,0.46167451,0.467480668,0.473325282,0.479207938,0.485128222,0.491085717,0.49708001,0.503110685,0.509177327,0.515279522,0.521414086,0.527578736,0.53377441,0.540002045,0.546262577,0.552556944,0.558886084,0.565250933,0.571652428,0.578091507,0.584569106,0.591086164,0.597643616,0.6042424,0.610883454,0.617567714,0.624296117,0.631069601,0.637889103,0.64475556,0.651669909,0.658633086,0.665646031,0.672709678,0.679824967,0.686992833,0.694214213,0.701490046,0.708821268,0.716208816,0.723645838,0.731125326,0.738647982,0.746214512,0.753825619,0.761482006,0.769184378,0.776933437,0.784729889,0.792574436,0.800464957,0.808399582,0.816379392,0.824405469,0.832478897,0.840600205,0.848769003,0.856984988,0.865247856,0.873557304,0.881913031,0.890314732,0.898762104,0.907254846,0.915792653
],
    "gammaGreen": [
0.000627186,0.000519742,0.000435519,0.000373328,0.000331976,0.000310273,0.00030977,0.000332436,0.000377709,0.000445028,0.000533831,0.000643772,0.000775074,0.000928028,0.001102923,0.001300049,0.001519696,0.001762154,0.002027713,0.002316662,0.002629293,0.0029637,0.00331795,0.003692283,0.004086942,0.004502169,0.004938206,0.005395294,0.005873677,0.006373595,0.006895291,0.007439007,0.008004984,0.008593465,0.009204692,0.009838907,0.010496351,0.011177267,0.011881896,0.012610482,0.013363265,0.014140487,0.014942391,0.015769219,0.016621212,0.017498613,0.018401663,0.019330605,0.020285681,0.021267132,0.0222752,0.023305602,0.02435432,0.025421993,0.026509263,0.02761677,0.028745155,0.029895058,0.031067119,0.03226198,0.03348028,0.034722661,0.035989762,0.037282225,0.03860069,0.039945796,0.041318186,0.042718499,0.044147377,0.045605458,0.047093385,0.048611797,0.050161335,0.05174264,0.053356352,0.055003112,0.056674626,0.058362578,0.060067575,0.061790222,0.063531125,0.06529089,0.067070124,0.068869431,0.070689419,0.072530693,0.074393858,0.076279522,0.078188289,0.080120766,0.082077559,0.084059274,0.086066517,0.088099893,0.090160009,0.092247471,0.094362884,0.096506855,0.09867999,0.100882893,0.103116173,0.105380433,0.107676282,0.110004323,0.112365164,0.11475941,0.117187667,0.119650541,0.122148639,0.124682566,0.127252927,0.12986033,0.13250538,0.135188683,0.137910845,0.140672471,0.143474169,0.146316543,0.1492002,0.152125746,0.155093786,0.158104927,0.161159775,0.164258935,0.167403014,0.170592618,0.17381902,0.17707337,0.180356086,0.183667587,0.187008289,0.190378613,0.193778975,0.197209793,0.200671487,0.204164474,0.207689172,0.211246,0.214835375,0.218457716,0.22211344,0.225802967,0.229526714,0.233285099,0.23707854,0.240907456,0.244772265,0.248673385,0.252611233,0.256586229,0.260598791,0.264649335,0.268738282,0.272866048,0.277033052,0.281239712,0.285486446,0.289773673,0.29410181,0.298471276,0.302882489,0.307335866,0.311831827,0.316370789,0.320953171,0.32557939,0.330249864,0.334965013,0.339725253,0.344531004,0.349382683,0.354280708,0.359225498,0.364217471,0.369257045,0.374344637,0.379479065,0.384658587,0.389882788,0.395151255,0.400463572,0.405819324,0.411218097,0.416659474,0.422143043,0.427668387,0.433235092,0.438842743,0.444490926,0.450179224,0.455907224,0.46167451,0.467480668,0.473325282,0.479207938,0.485128222,0.491085717,0.49708001,0.503110685,0.509177327,0.515279522,0.521414086,0.527578736,0.53377441,0.540002045,0.546262577,0.552556944,0.558886084,0.565250933,0.571652428,0.578091507,0.584569106,0.591086164,0.597643616,0.6042424,0.610883454,0.617567714,0.624296117,0.631069601,0.637889103,0.64475556,0.651669909,0.658633086,0.665646031,0.672709678,0.679824967,0.686992833,0.694214213,0.701490046,0.708821268,0.716208816,0.723645838,0.731125326,0.738647982,0.746214512,0.753825619,0.761482006,0.769184378,0.776933437,0.784729889,0.792574436,0.800464957,0.808399582,0.816379392,0.824405469,0.832478897,0.840600205,0.848769003,0.856984988,0.865247856,0.873557304,0.881913031,0.890314732,0.898762104,0.907254846,0.915792653
],