{"maxRed": 255,
"maxGreen": 255,
"maxBlue": 255,
"gammaRed": [0,7.97712460510237e-07,4.60432861070864e-06,1.28383711013462e-05,2.65757939168083e-05,4.67279279801471e-05,7.4101988251523e-05,0.000109431321728977,0.000153393226683698,0.000206620531451213,0.000269709633945681,0.000343226359140755,0.000427710386269571,0.000523678693279366,0.000631628300280169,0.00075203849745858,0.000885372684108403,0.00103207990795202,0.00119259616919126,0.00136734553690442,0.00155674111366588,0.00176118587588414,0.00198107341125187,0.00221678857017877,0.00246870804467389,0.00273720088554364,0.00302262896676134,0.00332534740429067,0.00364570493540126,0.00398404426352075,0.00434070237286765,0.00471601081645843,0.00511029598055013,0.00552387932814091,0.00595707762378628,0.00641020314168497,0.00688356385873252,0.00737746363402513,0.00789220237611295,0.00842807619914602,0.00898537756892196,0.00956439543972975,0.0101654153827841,0.0107887197069588,0.0114345875724528,0.0121032950979561,0.0127951154618263,0.0135103189977361,0.0142491732852062,0.0150119432354,0.0157988911725215,0.0166102769111267,0.0174463578296297,0.0183073889402637,0.0191936229557301,0.020105310352754,0.0210426994327416,0.0220060363797252,0.0229955653157593,0.0240115283539257,0.0250541656490885,0.026123715446531,0.0272204141285973,0.0283444962594512,0.0294961946280572,0.0306757402894821,0.0318833626046071,0.0331192892783353,0.0343837463963739,0.0356769584606637,0.0369991484235262,0.0383505377205906,0.0397313463025633,0.0411417926658948,0.0425820938823965,0.0440524656278597,0.0455531222097204,0.0470842765938159,0.0486461404302742,0.0502389240785746,0.0518628366318168,0.0535180859402333,0.0552048786339772,0.0569234201452169,0.0586739147295668,0.060456565486882,0.0622715743814425,0.0641191422615522,0.0659994688785766,0.0679127529054408,0.0698591919546099,0.0718389825955707,0.0738523203718355,0.0758993998174845,0.0779804144732657,0.0800955569022675,0.0822450187051808,0.0844289905351645,0.0866476621123299,0.0889012222378563,0.0911898588077523,0.0935137588262735,0.0958731084190106,0.0982680928456563,0.100698896512466,0.103165702984416,0.105668694997081,0.108208054468222,0.110783962509118,0.113396599435621,0.116046144778973,0.118732777296369,0.121456674981287,0.12421801507359,0.127016974069397,0.129853727730755,0.132728451095081,0.13564131848442,0.138592503514496,0.141582179103571,0.144610517481131,0.147677690196374,0.15078386812654,0.153929221485061,0.15711391982955,0.160338132069628,0.163602026474601,0.166905770680977,0.170249531699839,0.173633475924082,0.177057769135496,0.180522576511731,0.18402806263311,0.187574391489337,0.191161726486054,0.194790230451302,0.198460065641839,0.202171393749364,0.205924375906611,0.209719172693346,0.213555944142245,0.217434849744681,0.221356048456397,0.225319698703087,0.229325958385876,0.233374984886709,0.237466935073645,0.241601965306063,0.245780231439777,0.250001888832067,0.25426709234663,0.258575996358439,0.262928754758534,0.267325520958726,0.271766447896226,0.276251688038207,0.28078139338628,0.285355715480908,0.289974805405753,0.294638813791939,0.299347890822269,0.304102186235362,0.308901849329728,0.313747028967791,0.318637873579834,0.3235745311679,0.328557149309625,0.333585875162016,0.338660855465171,0.343782236545953,0.348950164321596,0.354164784303267,0.359426241599579,0.364734680920044,0.370090246578483,0.37549308249639,0.380943332206235,0.386441138854741,0.391986645206095,0.397579993645126,0.403221326180437,0.40891078444749,0.414648509711654,0.420434642871207,0.4262693244603,0.432152694651881,0.438084893260575,0.444066059745536,0.450096333213248,0.4561758524203,0.462304755776119,0.468483181345669,0.474711266852114,0.480989149679445,0.487316966875082,0.493694855152427,0.500122950893401,0.506601390150939,0.513130308651454,0.519709841797276,0.526340124669053,0.533021292028129,0.539753478318888,0.546536817671072,0.553371443902069,0.560257490519173,0.567195090721818,0.574184377403786,0.581225483155385,0.588318540265604,0.59546368072424,0.602661036224005,0.6099107381626,0.617212917644775,0.624567705484352,0.631975232206239,0.63943562804841,0.646949022963866,0.654515546622576,0.66213532841339,0.669808497445936,0.677535182552495,0.685315512289849,0.693149614941116,0.701037618517562,0.70897965076039,0.716975839142513,0.725026310870304,0.733131192885333,0.741290611866079,0.749504694229623,0.75777356613333,0.766097353476506,0.77447618190204,0.782910176798028,0.791399463299377,0.799944166289403,0.808544410401395,0.817200320020177,0.825912019283649,0.834679632084309,0.843503282070763,0.852383092649219,0.861319186984963,0.870311688003825,0.879360718393626,0.88846640060561,0.897628856855863,0.906848209126722,0.91612457916816,0.925458088499165,0.934848858409107,0.944297009959082,0.953802663983252,0.963365941090166,0.972986961664074],